primary_category,secondary_categories,confidence,rationale,call_id,reasoning_for_secondary_categories
Platform Reliability & Outages,['Internal Sprint & Development Planning'],0.98,"This is a day-three incident response call addressing a Detect product outage with cascading failure in the event processing pipeline, covering root cause analysis (single point of failure in event ingestion), remediation architecture (redundant active-active nodes, circuit breaker pattern), restoration timeline, and customer communication strategy.",01KQ03B0303900521BB089CA,
Billing & Licensing Issues,[],0.98,"Call centers on resolving an invoice discrepancy where the customer was billed for 1,400 seats instead of their contracted 1,200, traced to undeprovisioned test accounts, requiring a billing adjustment from the finance team.",01KQ0C1280EDA4E70AAD7C35,
Internal Sprint & Development Planning,['Platform Reliability & Outages'],0.95,"This is a sprint status check-in covering story progress, timeline risk assessment, task allocation, and capacity planning across the Detect pipeline refactor and Comply v2 launch—core sprint planning activities—though the Detect reliability work being discussed does relate to platform stability improvements.",01KQ0CAE7F064EC93F0540CA,
Compliance & Audit Preparation,[],0.98,"The call is explicitly focused on ISO 27001 certification preparation, including gap assessment status, evidence collection automation, Annex A control mapping, and audit readiness using the Comply v2 module.",01KQ0DFE299AC7A74E8022CA,
Renewal Risk & Churn Prevention,['Platform Reliability & Outages'],0.92,"Lauren explicitly flags the March Detect outage as raising internal reliability concerns and mentions procurement requiring a competitive quote from SentinelShield, indicating renewal is at risk and requiring account recovery efforts despite expansion plans.",01KQ0F8AFF3DA34FD4580008,
Compliance & Audit Preparation,['Internal Sprint & Development Planning'],0.95,"This is an internal team meeting explicitly focused on preparing for a SOC 2 Type II audit, reviewing control areas like access control, change management, and incident tracking, and identifying compliance gaps before the 90-day observation period begins.",01KQ1267C6AA7D9B3125FEC8,
Platform Reliability & Outages,['Integration & Technical Configuration'],0.92,"This call addresses severe service degradation (backup jobs taking 4-6 hours vs. 90 minutes) caused by a known platform bug in version 3.4.1, with root cause analysis identifying the change block tracking issue and remediation planned through version upgrade to 3.6.0.",01KQ1A6B7E81B06F4A13B60D,
Billing & Licensing Issues,['Positive Renewal & Expansion'],0.92,"The call centers on resolving invoice discrepancies from overage charges on the Detect module due to event volume exceeding the 500 million monthly cap, with Rachel proposing a tier upgrade to address the billing concern—classic billing/licensing issue requiring pricing adjustment and contract restructuring.",01KQ1DC6CA536DE1B31ED8F5,
Renewal Risk & Churn Prevention,['Platform Reliability & Outages'],0.95,"The call centers on a contract renewal at serious risk due to the March 10-11 outage and active competitor evaluation (SentinelShield), with Maria proposing SLA credits, pricing adjustments, and engineering calls to retain the customer.",01KQ1DCC80852AE384C898C9,
Internal Sprint & Development Planning,['Platform Reliability & Outages'],0.92,"This is an internal engineering/product team call covering sprint-level work (reporting engine validation, code completion timelines), resource allocation (engineers pulled for incident response), and launch readiness planning with specific deadlines and blockers for the Comply v2 release.",01KQ1DE954A807A5D2653175,
Platform Reliability & Outages,['Renewal Risk & Churn Prevention'],0.95,"The call centers on a six-hour threat monitoring outage, root cause analysis of a single point of failure in the event processing pipeline, and remediation plans including redundant nodes and circuit breaker patterns—all core reliability topics—while the customer's mention of formal vendor review and competitor evaluation signals clear renewal risk as a secondary concern.",01KQ2217B066855A3B7814CB,
Platform Reliability & Outages,['Renewal Risk & Churn Prevention'],0.98,"This is an internal incident response call addressing a six-hour Detect product outage with cascading pipeline failure, root cause analysis discussion, and planning of post-incident customer communications including executive messaging and SLA credit exposure.",01KQ2331EFD78BF3B1CAB747,
Feature Gaps & Roadmap Requests,['Integration & Technical Configuration'],0.95,"Customer explicitly requests granular file-level restore functionality not currently available in Aegis Protect, requiring Sarah to document a formal feature request after Jason describes a painful two-hour manual workaround for what should be a simple operation.",01KQ25D8AED944B5D2A9FF60,
Cross-Functional Business Reviews,"['Platform Reliability & Outages', 'Renewal Risk & Churn Prevention']",0.92,"This is an internal leadership call reviewing company-wide strategic response to a competitive threat across multiple departments (sales, engineering, support, legal), discussing customer retention strategy, competitor positioning, and cross-functional coordination—hallmarks of a business review rather than a single-topic operational call.",01KQ298F2846EFE59B0D70E2,
Compliance & Audit Preparation,['New Customer Onboarding & Implementation'],0.98,"The call centers on Damien's upcoming Q2 audit and how Aegis Comply can automate SOC 2 and ISO 27001 evidence collection, with discussion of audit readiness, compliance frameworks, and continuous control mapping—core compliance preparation topics.",01KQ2B4878EC7B3EE5547007,
Platform Reliability & Outages,['Renewal Risk & Churn Prevention'],0.98,"This call centers on a critical system outage (three-hour loss of threat visibility due to event processing pipeline failure) with active incident response, root cause discussion (cascading failure, single point of failure), and customer communication about restoration timeline—textbook platform reliability issue with clear churn risk given the customer is evaluating competitors and has an upcoming board meeting.",01KQ2D93184912F0147315E7,
Internal Sprint & Development Planning,"['Integration & Technical Configuration', 'Compliance & Audit Preparation']",0.95,"This is a Q2 roadmap planning session for the Identity product team covering sprint priorities, technical implementation details (SCIM sync failure modes, attribute mapping UI), story estimation (four to five weeks), and backlog prioritization across three major themes.",01KQ31ED026F745FE2A55CCD,
Platform Reliability & Outages,['Renewal Risk & Churn Prevention'],0.95,"This call directly addresses a multi-day system outage (cascading failure in Detect's event processing pipeline causing hour-long alert latency), includes root cause explanation, fix deployment timeline discussion, and acknowledgment of failed proactive customer communication—all core elements of platform reliability incident response.",01KQ325BDEDEE927D2970775,
Renewal Risk & Churn Prevention,['Platform Reliability & Outages'],0.95,"While the call discusses a six-hour Detect outage and its root cause, the dominant theme is Grace's CISO requesting a competitive evaluation against SentinelShield with renewal at risk in June, making this fundamentally a churn prevention conversation triggered by reliability issues.",01KQ351E141926AB7CAB668D,
Platform Reliability & Outages,['Internal Sprint & Development Planning'],0.98,"This is a war room call addressing a critical system outage (Detect pipeline failure at 9:14 AM), discussing root cause (single node memory failure), incident response actions (spinning up secondary node), and post-incident communication needs (status page delay, customer escalations about potential breach).",01KQ38C4101D6774F2F02331,
Feature Gaps & Roadmap Requests,[],0.4,"This call reports PDF rendering bugs in the newly released Comply v2 (header truncation, table pagination issues), which Marcus confirms as a defect requiring engineering escalation and a fix timeline—this is a product quality issue requiring remediation rather than a feature gap, integration problem, or any other category in the taxonomy.",01KQ38FE02AEE5AA5157F042,
Compliance & Audit Preparation,['Positive Renewal & Expansion'],0.95,"The call centers on demonstrating Aegis Comply v2's HIPAA reporting capabilities to address Blackridge's painful manual audit evidence-gathering process, with discussion of regulatory frameworks, audit readiness, and compliance automation—core elements of the Compliance & Audit Preparation category.",01KQ3BD8DEEBC7FECD107F0F,
Integration & Technical Configuration,[],0.95,"Call focuses on troubleshooting a third-party integration (CloudPrime S3 backup connector) with technical configuration issues including endpoint misconfiguration, IAM permissions, and Service Control Policies.",01KQ3C837D7EF689408DCF95,
Platform Reliability & Outages,[],0.98,"This is a post-incident review of the Detect outage from March 10th, covering root cause analysis (cascading failure in event ingestion pipeline), deployed fixes (redundant processing nodes and circuit breaker pattern), and customer communication planning about the incident.",01KQ3CE40428CCC5FF433FFC,
Positive Renewal & Expansion,['Platform Reliability & Outages'],0.95,"Isaac explicitly states 'we're in a good place' and 'we're sitting here talking renewal instead of shopping around,' indicating a healthy renewal with upsell opportunity (Comply v2), though the March outage is discussed as context for why the customer values Aegis's transparent incident response.",01KQ3D8C1EF16C042F31FAFD,
Internal Sprint & Development Planning,['Platform Reliability & Outages'],0.95,"This is a sprint retrospective for the Identity team covering sprint 22 completion, story point estimation issues, ticket slippage, and planning for sprint 23, with secondary mention of how the Detect outage impacted their sprint capacity.",01KQ3F90FF9EBC3DB3632514,
Positive Renewal & Expansion,"['Platform Reliability & Outages', 'Compliance & Audit Preparation']",0.95,"This is a healthy renewal discussion where the customer explicitly states their intention to continue, expresses strong satisfaction with Identity and Comply v2 modules, and is being presented with a three-year renewal proposal including upsell opportunities (elastic seat model, enterprise API tier).",01KQ410FB7E434BA3F99EE7D,
Integration & Technical Configuration,['Compliance & Audit Preparation'],0.85,"This call focuses on technical configuration of the Aegis Detect module including alert threshold tuning, event source integrations (CloudTrail, Azure AD, SIEM feeds), ruleset enablement (privileged access monitoring), and data retention settings adjustments, with a planned follow-up session to configure trusted location and work schedule profiles.",01KQ41FB5CCFD9EA583FB020,
Internal Sprint & Development Planning,['Platform Reliability & Outages'],0.92,"This is an internal engineering standup covering sprint work (circuit breaker PR review, Comply v2 bug fix timeline, QA task assignment) and backlog prioritization, with post-mortem action items tracked as development tasks rather than discussed as an active incident.",01KQ445B1B5B890316C9E300,
Cross-Functional Business Reviews,"['Platform Reliability & Outages', 'Renewal Risk & Churn Prevention']",0.92,"This is an internal leadership call reviewing company-wide Q1 win-loss metrics ($2.1M ACV lost), competitive positioning across multiple products, and strategic issues spanning sales execution, product gaps, and customer success—classic cross-functional business review content, with the March Detect outage being discussed as one contributing factor to competitive losses.",01KQ4529010F423FD9DB40BD,
Compliance & Audit Preparation,['Feature Gaps & Roadmap Requests'],0.95,"This call focuses on demonstrating Comply v2's compliance reporting capabilities specifically for Silverline's upcoming PCI DSS renewal audit in six weeks, covering multiple regulatory frameworks (SOC 2, PCI DSS, HIPAA, ISO 27001) and audit readiness features, with a brief roadmap discussion about comparison views.",01KQ45C0AD36B351A3571940,
Renewal Risk & Churn Prevention,"['Platform Reliability & Outages', 'Feature Gaps & Roadmap Requests']",0.95,"Harold explicitly disclosed exploratory conversations with competitor CyberNova and raised serious concerns about a six-hour outage that left manufacturing systems without threat monitoring, putting the April 30th renewal at risk and requiring enhanced SLA commitments and pricing adjustments to retain the account.",01KQ45C76AF3AEA6B3EA6697,
Renewal Risk & Churn Prevention,['Platform Reliability & Outages'],0.95,"Customer is actively evaluating SentinelShield as an alternative ahead of July renewal, with contract at risk due to March outage and alert fatigue issues—Kendra explicitly states 'my confidence in Aegis Detect specifically is pretty low' and mentions a mid-May decision deadline.",01KQ45F6F7349D0A620571F1,
Platform Reliability & Outages,['Renewal Risk & Churn Prevention'],0.98,"This is a critical incident response call addressing a complete Detect pipeline failure with cascading system downtime, root cause analysis of a single point of failure, and coordination of customer communication during the outage—textbook platform reliability crisis management, with secondary churn risk as Crestwood Health mentions evaluating competitors.",01KQ46A9DE0AECB006D897A0,
New Customer Onboarding & Implementation,['Compliance & Audit Preparation'],0.95,"This is explicitly a kickoff call for Clearwater's deployment onto Comply v2 with discussion of deployment timeline, technical setup planning, and initial implementation steps—textbook onboarding; compliance is secondary context since the product being onboarded is compliance-focused.",01KQ4D01DCB15C69672AB5AF,
Internal Sprint & Development Planning,['Feature Gaps & Roadmap Requests'],0.95,"This is an internal engineering planning call covering Q2 roadmap prioritization, sprint scope decisions (MFA rules engine vs. risk-signal layer), story estimation (six to eight SSO connectors), technical dependencies (staging tenant infrastructure), and QA capacity allocation—all core elements of sprint and development planning.",01KQ4D504CE09A8F6ECA1F5A,
Positive Renewal & Expansion,['Platform Reliability & Outages'],0.92,"This is a healthy renewal finalization call where the customer expresses overall satisfaction with Protect and Identity modules, discusses favorable renewal terms including flat pricing and Comply v2 access, and a 20% seat expansion rider, despite raising a March outage concern that was addressed with technical remediation details.",01KQ4D71CDFB1045A2458216,
Internal Sprint & Development Planning,[],0.98,"This is an internal engineering team call covering sprint planning, retrospective on completed tickets, story point estimation, capacity allocation, and backlog prioritization for the Detect team's sprint twelve.",01KQ4EE836687F95080D92AB,
Feature Gaps & Roadmap Requests,['Compliance & Audit Preparation'],0.95,"Thomas systematically outlines missing functionality in Aegis Comply (granular HIPAA report filtering, scheduled delivery, executive summaries, delta tracking) and explicitly states these gaps could prompt competitive evaluation, with Daniel acknowledging features are 'on the roadmap' but providing no firm timeline.",01KQ51DC4345D9DAE005678C,
Compliance & Audit Preparation,['Feature Gaps & Roadmap Requests'],0.95,"The call centers on demoing Comply v2's multi-framework compliance reporting capabilities (SOC 2, PCI DSS, HIPAA, ISO 27001) and audit-ready PDF output, directly addressing Keith's board-level compliance posture questions and upcoming financial services audit needs.",01KQ54917E3931712516916D,
New Customer Onboarding & Implementation,['Integration & Technical Configuration'],0.92,"This is a deployment planning call for expanding Aegis Protect into Coastal Living's environment, covering implementation scope (40-50 workloads, 80-100TB), phased rollout planning, infrastructure compatibility confirmation, and scheduling a kickoff meeting with onboarding documentation.",01KQ560FF1570C5E7F71D752,
Compliance & Audit Preparation,['Feature Gaps & Roadmap Requests'],0.95,"The call centers on Comply v2 capabilities for multi-framework compliance reporting (SOC 2, HIPAA, PCI DSS) and audit readiness, with a secondary feature request for custom control labeling that Elena agreed to log with the product team.",01KQ56786DD1E8A1BF174FDD,
Billing & Licensing Issues,['Platform Reliability & Outages'],0.95,"The call centers on disputing $4,000+ in invoice charges including $3,200 in Comply module overages from report generation and $840 in Detect module overages, with the customer questioning billing transparency and the Detect charges potentially linked to the March outage.",01KQ56AA6B60801ABC01AB1C,
Integration & Technical Configuration,['Platform Reliability & Outages'],0.85,"The call centers on troubleshooting a specific third-party integration (LogVault HTTP Event Collector) experiencing timeout errors, requiring technical diagnosis of connector configuration and circuit breaker behavior—though it references a prior outage, the current focus is resolving the integration issue itself.",01KQ56D878454E5783DC6D94,
Renewal Risk & Churn Prevention,"['Integration & Technical Configuration', 'Platform Reliability & Outages']",0.95,"Alicia explicitly states their renewal is at risk, the CISO is evaluating competitor VaultEdge, and she's under pressure to justify the platform—this is a clear account retention scenario requiring intervention to prevent churn.",01KQ5A966832A146DA4B7D41,
New Customer Onboarding & Implementation,"['Integration & Technical Configuration', 'Compliance & Audit Preparation']",0.92,"This is a pre-deployment discovery call for adding the Identity module to an existing customer, covering deployment phases, timeline planning (end-of-July target), and technical setup scoping with directory sync and MFA migration—classic onboarding/implementation planning.",01KQ5AFAE8264DDC0ED2AE7F,
Internal Sprint & Development Planning,[],0.98,"This is a textbook sprint planning meeting where the engineering team reviews carryover tickets, estimates story points, discusses technical debt and architectural concerns, and commits to work for the upcoming sprint.",01KQ5BB8521F99E55470206E,
Platform Reliability & Outages,[],0.98,"This call is explicitly about post-incident recovery confirmation for a Detect platform outage, including root cause explanation (single point of failure in event ingestion), architectural remediation (redundant nodes and circuit breaker pattern), and providing incident documentation to the customer's CISO.",01KQ5D47170D4828E89EDE37,
Platform Reliability & Outages,['Integration & Technical Configuration'],0.92,"This call addresses a critical system defect (SAML certificate rotation bug in version 3.4.1) causing widespread authentication failures for 60-70% of the workforce, requiring incident response and a manual workaround, with the customer explicitly citing broader reliability concerns including a recent Detect outage.",01KQ5EC1665DCFD7A6B62A59,
Integration & Technical Configuration,['Feature Gaps & Roadmap Requests'],0.95,"The call centers on configuring SCIM 2.0 integration between Okta and Aegis Identity, with technical discussion of REST API workarounds, SSO protocols, and Okta Workflows implementation, though it also involves requesting a roadmap feature (native SCIM support) that isn't yet available.",01KQ5F364545B542671FF9CE,
Feature Gaps & Roadmap Requests,['Compliance & Audit Preparation'],0.95,"Victor explicitly requests hierarchical role inheritance and session timeout policy features not currently available in Aegis Identity, asks about roadmap timing, and describes manual workarounds—textbook feature gap discussion—though the SOC 2 audit context provides secondary compliance relevance.",01KQ65D43540846FA994B6C4,
Internal Sprint & Development Planning,[],0.95,"This is an internal engineering team call covering pre-launch deployment planning, infrastructure dry-runs, QA test results, code review status, and technical readiness for a GA release—all core sprint/development planning activities.",01KQ68FB3E9E60C4477CDAB4,
Integration & Technical Configuration,['Platform Reliability & Outages'],0.92,"The call centers on troubleshooting and resolving an LDAP/Active Directory integration failure (SSL certificate trust issue with the Aegis Identity connector), which is the core technical problem being diagnosed and fixed, though the customer's frustration references a prior Detect outage affecting their overall confidence.",01KQ6A5CEAAFFBE3B0099E75,
Renewal Risk & Churn Prevention,"['Platform Reliability & Outages', 'Compliance & Audit Preparation']",0.95,"Catherine explicitly states they are having 'serious conversations internally about whether Aegis is still the right fit' and discloses active evaluation of competitor Fortiguard Pro, making this fundamentally a renewal-at-risk conversation despite also discussing the March outage and compliance gaps that triggered the risk.",01KQ6CAA850EAFDC48B52846,
Platform Reliability & Outages,['Renewal Risk & Churn Prevention'],0.95,"This is a 30-day post-incident review of the March 10-18 Detect module outage covering root cause analysis, remediation (redundant nodes and circuit breaker pattern), and post-incident customer communication needs, with secondary renewal risk concerns for Meridian Financial and Treswick Healthcare accounts impacted by the outage.",01KQ764171AC27A3A94DC695,
Billing & Licensing Issues,[],0.95,"The call centers on resolving a $1,400 invoice discrepancy caused by overage charges from a backup policy change, requiring billing investigation and potential adjustment through the account manager.",01KQ773D68723289E4A98889,
New Customer Onboarding & Implementation,['Integration & Technical Configuration'],0.95,"This is a classic onboarding planning call covering deployment sequencing, timeline expectations (roughly one month), environment scoping (CloudPrime and Azure), IAM permissions setup, and kickoff logistics for a new Detect module rollout at Brightpath.",01KQ77F2867FC54E13A8C495,
Cross-Functional Business Reviews,"['Platform Reliability & Outages', 'Internal Sprint & Development Planning']",0.95,"This is a company-wide all-hands meeting reviewing strategic priorities across departments including the March outage retrospective, Comply v2 product launch metrics and competitive positioning, and Q2 roadmap prioritization decisions.",01KQ7B802912366FC0A24D4F,
Platform Reliability & Outages,"['Compliance & Audit Preparation', 'Renewal Risk & Churn Prevention']",0.98,"This call centers on a 15+ hour platform-wide outage of the Detect event processing pipeline with no ETA for resolution, including discussion of cascading failure root cause and lack of proactive incident communication—textbook platform reliability issue with explicit renewal risk warning at the end.",01KQ7BF0D56037FF89DC89B6,"{'Compliance & Audit Preparation': 'Isaac explicitly raises PCI compliance obligations and fraud monitoring requirements being compromised by the outage, making compliance exposure a significant secondary concern.', 'Renewal Risk & Churn Prevention': ""Isaac's closing statement 'the future of the contract depends on how the situation is handled in the next 24 hours' directly signals renewal risk, though the primary driver is the outage itself.""}"
Cross-Functional Business Reviews,['Feature Gaps & Roadmap Requests'],0.92,"This is an internal leadership call reviewing competitive positioning across multiple product lines (Detect, Protect, Comply) and identifying strategic gaps like the LogVault connector experience that Jordan plans to escalate to leadership at next week's product review meeting.",01KQ7F58A2E07B857C24624D,
Renewal Risk & Churn Prevention,"['Platform Reliability & Outages', 'Compliance & Audit Preparation']",0.95,"Customer explicitly states they're evaluating competitor SentinelShield with two demos completed, renewal is at risk due to March 10th outage and compliance reporting pain, and CSM is working to identify conditions needed to retain the account.",01KQ7FA71CF70FAFEE4B6251,
Compliance & Audit Preparation,['Feature Gaps & Roadmap Requests'],0.95,"The call centers on preparing for an upcoming HIPAA audit, addressing compliance framework gaps, and discussing evidence collection automation across SOC 2 and HIPAA—core compliance and audit readiness topics—while also covering the customer's need for multi-framework support features coming in Comply v2.",01KQ85D10E82A26A8F754FB8,
Platform Reliability & Outages,"['Compliance & Audit Preparation', 'Renewal Risk & Churn Prevention']",0.95,"This call centers on a 9-10 hour platform-wide Detect outage with no proactive customer notification, including incident response discussion and commitment to post-incident documentation—the core definition of Platform Reliability & Outages—while the SOC 2 audit impact and Frank's competitor evaluation are significant secondary concerns.",01KQ88B8EAEAA819C26CCBE7,
Platform Reliability & Outages,['Renewal Risk & Churn Prevention'],0.95,"This is a post-incident review call addressing a six-hour outage in the threat monitoring pipeline, discussing root cause (single point of failure), remediation steps (redundant nodes, circuit breakers), and delayed alerting—core reliability topics—though the customer's disclosure of competitive evaluation and vendor review also signals renewal risk.",01KQ8C5A044F54EE1774D53C,
Feature Gaps & Roadmap Requests,['Platform Reliability & Outages'],0.95,"Sandra explicitly requests two missing features (granular alerting thresholds by entity type and pipeline health visibility), Rachel discusses product roadmap timing and plans to escalate to the product team, which is the defining pattern of feature gap discussions; the March outage mention is secondary context for one feature request.",01KQ8D9A06510DD623EFB1A6,
Feature Gaps & Roadmap Requests,['Compliance & Audit Preparation'],0.95,"Warren explicitly requests a custom compliance template feature not currently available in Aegis Comply v2, and Priya confirms it's on the near-term roadmap while enrolling him in the early access program and providing workarounds—textbook feature gap discussion with roadmap timing and feature request logging.",01KQ92EA85FE4C537400227D,
Platform Reliability & Outages,[],0.98,"This call addresses a complete platform outage where the Detect module's event ingestion pipeline failed, causing 24-hour monitoring gaps across multiple customer accounts, with active incident response and engineering investigation underway.",01KQ94C2B8B9B4668F3D3491,
Platform Reliability & Outages,['Integration & Technical Configuration'],0.95,"This call addresses a critical system issue (TOTP validation failures with error 4031) affecting 40-45 users since 7 AM, with the support agent escalating it as a P1 business-critical incident and implementing a temporary workaround while investigating root cause on Aegis's validation service.",01KQ9772B2348F500FB09D1E,
Feature Gaps & Roadmap Requests,['Compliance & Audit Preparation'],0.95,"Keith explicitly requests a cross-framework control mapping report feature that doesn't exist in Aegis Comply, David confirms it's a known gap with no native solution, and commits to escalating a formal feature request to the product team while discussing potential beta access.",01KQ9A6BE09D73A9BB5798C7,
New Customer Onboarding & Implementation,['Compliance & Audit Preparation'],0.98,"This is a textbook onboarding kickoff call covering initial deployment planning, infrastructure discovery (hybrid CloudPrime + on-prem setup), timeline discussion (4-6 week three-phase process), and next steps including technical discovery scheduling and access provisioning.",01KQ9BB82FD97C9607D57E90,
Cross-Functional Business Reviews,[],0.95,"This is an internal leadership call reviewing company-wide metrics (38-39% adoption vs 25% benchmark), product launch performance across departments (engineering, design, support, customer success), and strategic outcomes of the Comply v2 launch including cross-sell opportunities.",01KQ9BCA1794C9472726FFAD,
Cross-Functional Business Reviews,"['Platform Reliability & Outages', 'Compliance & Audit Preparation']",0.92,"This is a cross-functional leadership call reviewing competitive positioning strategy, discussing the March outage's business impact on deals, and aligning on company-wide response tactics across product, sales, and engineering teams.",01KQA0F0BE68E74D66EB4171,
New Customer Onboarding & Implementation,"['Compliance & Audit Preparation', 'Integration & Technical Configuration']",0.95,"This is an onboarding strategy workshop for a new customer (Vanta Health) where the team is assessing the customer's environment, discussing implementation approach, and planning phased deployment of Aegis Protect—classic initial deployment planning and kickoff activities.",01KQA1AFDC1306A000B0C7D9,
Positive Renewal & Expansion,['Compliance & Audit Preparation'],0.95,"This is a healthy Q1 business review where the customer expresses strong satisfaction with the platform, highlights successful outcomes with Detect and Protect modules, and explicitly indicates positive renewal outlook with interest in the upcoming Comply v2 release to strengthen their ROI case.",01KQA502E222E2A60330237B,
Platform Reliability & Outages,['Integration & Technical Configuration'],0.92,"This call addresses a two-week service degradation issue where backup throughput dropped from ~800 MB/s to ~180-220 MB/s, causing production performance impact and requiring P1 escalation to infrastructure team with root cause analysis scheduled.",01KQA7DFCE1285F52192B34B,
Internal Sprint & Development Planning,[],0.95,"This is an internal engineering team quarterly planning call covering sprint capacity, feature prioritization (backup performance, restore UX redesign), deployment strategy (canary rollout), technical debt allocation, and roadmap scoping for the Protect product team.",01KQAC572C34475A8791F2C3,
Platform Reliability & Outages,['Integration & Technical Configuration'],0.95,"This call addresses a four-day SSO outage affecting 38-42% of users caused by a regression from a February 9th patch, with root cause analysis identifying SAML NameID format handling issues and a workaround being provided while a permanent fix is developed.",01KQADC32D89E2B76B698E84,
Cross-Functional Business Reviews,['Internal Sprint & Development Planning'],0.95,"This is a company-wide all-hands call reviewing February performance across product, QA, and customer success departments, including product launch timelines (Comply v2 GA), customer metrics (91% renewal rate, competitive loss to VaultEdge), and strategic priorities for March.",01KQADF3D76E82BF8BA19AF2,
Positive Renewal & Expansion,['Billing & Licensing Issues'],0.92,"Derek explicitly states they're not shopping around aggressively and are focused on validating the value story internally, with clear renewal timeline and pricing discussion for a satisfied customer whose main concern is CFO sign-off, though the data growth from 14TB to 17.5TB affecting tier pricing adds a billing dimension.",01KQAEA50436D047BC39CFC7,
Compliance & Audit Preparation,['Feature Gaps & Roadmap Requests'],0.95,"The call centers on SOC 2 audit preparation needs, evidence collection automation, compliance framework mapping, and the Comply module's capabilities—Nathan is explicitly preparing for a Q2 auditor engagement and discussing how to streamline his manual audit process.",01KQAFB8DBF6E1E2FDEF0B75,
Internal Sprint & Development Planning,['Compliance & Audit Preparation'],0.95,"This is an internal engineering design review covering architecture decisions, latency benchmarks, evidence store design, and GA timeline validation for Comply v2—core sprint/development planning activities—with compliance frameworks as the product domain rather than a customer-facing compliance discussion.",01KQB3B16F255B65F39597D0,
Billing & Licensing Issues,[],0.98,"The call centers on a billing discrepancy where Silverline Brands was overbilled $255 due to incorrect proration calculation on their Comply v2 license upgrade, requiring a billing adjustment and credit.",01KQB632F1ADC378C42F2C03,
Compliance & Audit Preparation,['New Customer Onboarding & Implementation'],0.95,"The call centers on PCI DSS audit preparation, evidence collection automation, and Comply v2's compliance reporting capabilities, with Gerald explicitly stating they're in audit prep with a QSA assessment scheduled for June.",01KQB95605C6F873C6036285,
Integration & Technical Configuration,['Platform Reliability & Outages'],0.92,"The call centers on troubleshooting a third-party integration (LogVault SIEM connector) experiencing technical configuration issues with connection timeouts and data loss, requiring diagnostic analysis of connector version 3.4.1 and configuration parameters.",01KQBB7C4D4789DB2F3DA9C2,
Platform Reliability & Outages,['Compliance & Audit Preparation'],0.95,"This call addresses both an active service degradation issue (20-45 minute alert delays caused by overloaded infrastructure post-outage) and post-incident customer communication failure regarding the March 10-18 outage, with the customer discovering a six-hour visibility gap only during this support call—both core elements of platform reliability and incident response.",01KQBBF753B44DE677670E6D,
Renewal Risk & Churn Prevention,['Platform Reliability & Outages'],0.95,"Robert explicitly states the contract renewal is at risk due to the six-hour Detect outage and outlines specific conditions required to justify renewal (formal post-mortem, updated SLA language, configuration review), making this fundamentally an account recovery effort despite the technical discussion of the incident.",01KQC1267BEB344076DD7656,
Platform Reliability & Outages,['Renewal Risk & Churn Prevention'],0.92,"The call centers on persistent policy sync delays and provisioning issues traced to a sync worker queue backup potentially related to a mid-March Detect incident, with Sarah investigating tenant logs and offering escalation plus infrastructure migration—classic reliability/incident troubleshooting—while Derek's frustration over the 5-day response gap and explicit renewal concerns warrant the secondary category.",01KQC166F678CBA584AAFF8B,
New Customer Onboarding & Implementation,['Integration & Technical Configuration'],0.95,"This is explicitly an onboarding kickoff call for a new customer deploying the Aegis Identity module, with timeline discussions, technical setup planning, and next steps established including Okta API token setup and user attribute mapping.",01KQC3A2EBC501837E973B16,
Feature Gaps & Roadmap Requests,['Integration & Technical Configuration'],0.92,"Paula requests multiple features not yet available (granular session timeout policies by device group, better shared workstation session management) and Daniel confirms these are being scoped but can't commit to timelines, which is the defining pattern of roadmap request calls.",01KQCA6EA8B603EBB6C9FE34,
Internal Sprint & Development Planning,[],0.95,"This is an internal engineering team call conducting final pre-launch checklist review, covering QA sign-off, bug triage, story resolution status, and development capacity allocation for a product release.",01KQCF9872BF130D33B1B5EC,
Internal Sprint & Development Planning,['Platform Reliability & Outages'],0.92,"This is an internal engineering team call focused on technical architecture issues, load testing results, backlog prioritization, and estimating development effort to fix scalability problems—core sprint planning activities—though the performance degradation risk gives it a secondary reliability dimension.",01KQD1270E98A7DFC55ADCF8,
Positive Renewal & Expansion,['Platform Reliability & Outages'],0.92,"Wayne expresses overall satisfaction ahead of May renewal, calls Comply module 'the biggest win,' and the call concludes with alignment on flat renewal pricing plus a planned Identity module discovery call—textbook healthy renewal with expansion interest, despite brief discussion of the March outage.",01KQD199788883B6F18C81E8,
Positive Renewal & Expansion,['Compliance & Audit Preparation'],0.95,"Philip expresses strong satisfaction with Aegis products, cites 40-50 hours saved per quarter on audit prep, and the call concludes with agreement to proceed on renewal at existing rates with a three-year lock, plus discussion of adding the Detect module—classic healthy renewal with expansion opportunity.",01KQD4D9DEBA2D55AC2AA9F5,
Platform Reliability & Outages,['Integration & Technical Configuration'],0.95,"This call addresses a three-day platform-level outage in Aegis's backup orchestration infrastructure causing 100% API failure rate, with the support agent investigating root cause and committing to incident documentation and remediation timeline.",01KQDD5172176D02DB51360A,
Platform Reliability & Outages,['Internal Sprint & Development Planning'],0.98,"This is a post-incident root cause analysis of a six-hour cascading failure in the event ingestion pipeline, with the team identifying technical causes (single point of failure, no circuit breaker, inadequate health checks) and discussing remediation plans.",01KQE110900B8A65D80AE694,
Platform Reliability & Outages,['Renewal Risk & Churn Prevention'],0.98,"The call centers on a complete dashboard outage with cascading event processing pipeline failure requiring P1 incident escalation and root cause analysis, with Lauren explicitly mentioning competitor evaluation (SentinelShield) as a direct consequence of the reliability issue.",01KQEDB92E33CF9945A7F71B,
Platform Reliability & Outages,['Renewal Risk & Churn Prevention'],0.92,"The call centers on a service degradation issue caused by patch 4.2.1 resetting behavioral detection baselines and generating 300+ false positive alerts, requiring incident remediation through baseline restoration—a clear platform reliability problem with the customer explicitly mentioning they're evaluating other vendors at renewal time.",01KQEDE682B4A8D67C657CF1,
Internal Sprint & Development Planning,['Platform Reliability & Outages'],0.95,"This is an internal engineering sprint retrospective covering story completion, technical implementation review, performance metrics against targets, and planning for knowledge sharing and future work—classic sprint planning content—though the sprint itself was focused on reliability improvements after a March outage.",01KQF9600A904ADE8605B3F0,
Compliance & Audit Preparation,['Platform Reliability & Outages'],0.98,"This is a final walk-through of SOC 2 Type II audit materials before submission to auditors, covering compliance frameworks, evidence collection, and audit readiness—the core definition of the Compliance & Audit Preparation category—with secondary mention of the March Detect outage's documentation in the incident response section.",01KQFEEFFF8E80B0DFD10880,
Positive Renewal & Expansion,['Platform Reliability & Outages'],0.92,"Julia expresses strong satisfaction with the platform, praises Protect's DR performance, and shows interest in expanding to Identity and Comply v2, making this clearly a healthy renewal discussion with upsell opportunity; the January incident discussion is secondary context addressed transparently but doesn't drive the call's purpose.",01KQFFC0F889AE8CFEE7A00D,
